{
"appProfiles": [
    {
      "name": "Default Profile",
      "ahkHandle": "ahk_group regApps",
      "enable": 1,
      "pieMenus": [
        {
          "enable": 1,
          "hotkey": "`",
          "inRadius": 15,
          "outRadius": 115,
          "thickness": 5,
          "hold": 0,
          "holdOpenOverride": 0,
          "labelDelay": 5,
          "restoreOriginalPosition": "useGlobal",
          "numSlices": 8,
          "bgColor": [35, 35, 35, 200],
          "selColor": [88, 88, 88, 255],
          "offset": 1,
          "triggerKeysActive": true,
          "pies": [
            {
              "PieNumber": "1",
              "function": "sendHotkey",
              "params": ["ctrl+windows+right"],
              "label": "move to desktop on right",
              "returnMousePos": 1,
              "icon": "figurethisoutlater.svg",
              "triggerKey": "None"
            },
            {
              "PieNumber": "2",
              "function": "sendHotkey",
              "params": ["windows+alt+d"],
              "label": "show Date and Time",
              "returnMousePos": 0,
              "icon": "figurethisoutlater.svg",
              "triggerKey": "None"
            },
            {
              "PieNumber":"3",
              "function": "sendHotkey",
              "params": ["windows+d"],
              "label": "show Desktop",
              "returnMousePos": 0,
              "icon": "figurethisoutlater.svg",
              "triggerKey": "None"
            },
            {
              "PieNumber":"4",
              "function": "sendHotkey",
              "params": ["windows+a"],
              "label": "show Notifications center",
              "returnMousePos": 0,
              "icon": "figurethisoutlater.svg",
              "triggerKey": "None"
            },
            {
              "PieNumber":"5",
              "function": "sendHotkey",
              "params": ["ctrl+windows+left"],
              "label": "move to desktop on left",
              "returnMousePos": 0,
              "icon": "figurethisoutlater.svg",
              "triggerKey": "None"
            },
            {
              "PieNumber":"6",
              "function": "sendHotkey",
              "params": ["windows+left"],
              "label": "dock window left",
              "returnMousePos": 0,
              "icon": "figurethisoutlater.svg",
              "triggerKey": "None"
            },
            {
              "PieNumber":"7",
              "function": "sendHotkey",
              "params": ["F5"],
              "label": "Refresh (F5)",
              "returnMousePos": 0,
              "icon": "figurethisoutlater.svg",
              "triggerKey": ","
            },
            {
              "PieNumber":"8",
              "function": "sendHotkey",
              "params": ["windows+right"],
              "label": "dock window right",
              "returnMousePos": 0,
              "icon": "figurethisoutlater.svg",
              "triggerKey": "2"
            },
            {
              "PieNumber":"9",
              "function": "sendHotKey",
              "params": ["Sample text"],
              "label": "6 Sample text",
              "returnMousePos": 0,
              "icon": "figurethisoutlater.svg",
              "triggerKey": "None"
            },
            {
              "PieNumber":"10",
              "function": "sendHotKey",
              "params": ["f"],
              "label": "6 Send F",
              "returnMousePos": 0,
              "icon": "figurethisoutlater.svg",
              "triggerKey": "None"
            },
            {
              "PieNumber":"11",
              "function": "sendHotKey",
              "params": ["f"],
              "label": "6 Send F",
              "returnMousePos": 0,
              "icon": "figurethisoutlater.svg",
              "triggerKey": "None"
            },
            {
              "PieNumber":"12",
              "function": "sendHotKey",
              "params": ["f"],
              "label": "6 Send F",
              "returnMousePos": 0,
              "icon": "figurethisoutlater.svg",
              "triggerKey": "None"
            },
            {
              "PieNumber":"13",
              "function": "sendHotKey",
              "params": ["f"],
              "label": "6 Send F",
              "returnMousePos": 0,
              "icon": "figurethisoutlater.svg",
              "triggerKey": "None"
            },
            {
              "PieNumber":"14",
              "function": "sendHotKey",
              "params": ["f"],
              "label": "6 Send F",
              "returnMousePos": 0,
              "icon": "figurethisoutlater.svg",
              "triggerKey": "None"
            },
            {
              "PieNumber":"15",
              "function": "sendHotKey",
              "params": ["f"],
              "label": "6 Send F",
              "returnMousePos": 0,
              "icon": "figurethisoutlater.svg",
              "triggerKey": "None"
            },
            {
              "PieNumber":"16",
              "function": "sendHotKey",
              "params": ["f"],
              "label": "6 Send F",
              "returnMousePos": 0,
              "icon": "figurethisoutlater.svg",
              "triggerKey": "None"
            },
            {
              "PieNumber":"17",
              "function": "sendHotKey",
              "params": ["f"],
              "label": "6 Send F",
              "returnMousePos": 0,
              "icon": "figurethisoutlater.svg",
              "triggerKey": "None"
            }
          ]
        }
      ]
    },
    {
      "name": "Chrome",
      "ahkHandle": "Notepad",
      "enable": 1,
      "pieMenus": [
        {
          "enable": true,
          "hotkey": "e",
          "inRadius": 22,
          "outRadius": 100,
          "thickness": 10,
          "hold": 0,
          "holdOpenOverride": 0,
          "labelDelay": 5,
          "restoreOriginalPosition": "useGlobal",
          "numSlices": 6,
          "bgColor": [35, 35, 35, 255],
          "selColor": [255, 255, 255, 255],
          "offset": 0,
          "triggerKeysActive": true,
          "pies": [
            {
              "PieNumber": 1,
              "function": "sendKeys",
              "params": ["him.hackit@gmail.com"],
              "label": "Send A",
              "returnMousePos": 0,
              "icon": "figurethisoutlater.svg",
              "triggerKey": "1"
            },
            {
              "PieNumber": "2",
              "function": "sendKeys",
              "params": ["boops"],
              "label": "Boops",
              "returnMousePos": 0,
              "icon": "figurethisoutlater.svg",
              "triggerKey": "2"
            },
            {
              "PieNumber": "3",
              "function": "sendHotkey",
              "params": ["ctrl+s"],
              "label": "Save",
              "returnMousePos": 0,
              "icon": "figurethisoutlater.svg",
              "triggerKey": "r"
            },
            {
              "PieNumber": "4",
              "function": "sendKeys",
              "params": ["d"],
              "label": "Send D",
              "returnMousePos": 0,
              "icon": "figurethisoutlater.svg",
              "triggerKey": "None"
            },
            {
              "PieNumber": "5",
              "function": "sendKeys",
              "params": ["e"],
              "label": "Send E",
              "returnMousePos": 0,
              "icon": "figurethisoutlater.svg",
              "triggerKey": "None"
            },
            {
              "PieNumber": "6",
              "function": "sendKeys",
              "params": ["f"],
              "label": "Send F",
              "returnMousePos": 0,
              "icon": "figurethisoutlater.svg",
              "triggerKey": "None"
            },
            {
              "PieNumber": "7",
              "function": "sendKeys",
              "params": ["f"],
              "label": "Send F",
              "returnMousePos": 0,
              "icon": "figurethisoutlater.svg",
              "triggerKey": "None"
            },
            {
              "PieNumber": "8",
              "function": "sendKeys",
              "params": ["f"],
              "label": "Send F",
              "returnMousePos": 0,
              "icon": "figurethisoutlater.svg",
              "triggerKey": "None"
            }
          ]
        }
      ]
    }
  ]
}