{
    "globalSettings": {
        "scriptsPath": "C:\\Place\\Path\\Here\\custom scripts",
        "pieTips": false,
        "functionLaunchMode": 0,
        "restoreOriginalPosition": false,
        "returnMousePosOverride": false,
        "globalFont": false,
        "globalFontSize": 14,
        "showIcons": false,
        "globalRadius": false,
        "lazyHold": false,
        "hotkeyIsHeldLatency": false,
        "latency": false,

        "useArcOnHover": false,
        "useLineOnHover": true,
        "showTKeyHint": false,


        "Do Not Touch these settings until you know what you are doing": "__comment__",

        "padding from window edges, ultimately monitor screen edges": "__comment__",
        "savePadding" : 10

    }
}