{
"appProfiles": [
    {
      "name": "Default Profile",
      "ahkHandle": "ahk_group regApps",
      "enable": 1,
      "pieMenus": [
        {
          "enable": 1,
          "hotkey": "`",
          "inRadius": 15,
          "outRadius": 100,
          "thickness": 5,
          "hold": 0,
          "holdOpenOverride": 0,
          "labelDelay": 5,
          "restoreOriginalPosition": "useGlobal",
          "numSlices": 8,
          "bgColor": [35, 35, 35, 200],
          "selColor": [88, 88, 88, 255],
          "offset": 1,
          "triggerKeysActive": true,
          "pies": [
            {
              "PieNumber": "1",
              "function": "repeatLastFuncion",
              "params": [0.6],
              "label": "0 RepeatLast (center function label does not show up)",
              "returnMousePos": 1,
              "icon": "figurethisoutlater.svg",
              "triggerKey": "None"
            },
            {
              "PieNumber": "2",
              "function": "runScript",
              "params": ["%A_ScriptDir%\\Local Scripts\\testscript.ahk"],
              "label": "",
              "returnMousePos": 0,
              "icon": "figurethisoutlater.svg",
              "triggerKey": "None"
            },
            {
              "PieNumber":"3",
              "function": "sendKey",
              "params": [""],
              "label": "2 Undo",
              "returnMousePos": 0,
              "icon": "figurethisoutlater.svg",
              "triggerKey": "None"
            },
            {
              "PieNumber":"4",
              "function": "moveWindow",
              "params": ["^z"],
              "label": "3 Move Window",
              "returnMousePos": 0,
              "icon": "figurethisoutlater.svg",
              "triggerKey": "None"
            },
            {
              "PieNumber":"5",
              "function": "repeatLastFunction",
              "params": [0.5],
              "label": "4 Repeat Last Function",
              "returnMousePos": 0,
              "icon": "figurethisoutlater.svg",
              "triggerKey": "None"
            },
            {
              "PieNumber":"6",
              "function": "resizeWindow",
              "params": ["f"],
              "label": "5 Resize Window",
              "returnMousePos": 0,
              "icon": "figurethisoutlater.svg",
              "triggerKey": "None"
            },
            {
              "PieNumber":"7",
              "function": "sendKey",
              "params": ["F5"],
              "label": "1 Refresh",
              "returnMousePos": 0,
              "icon": "figurethisoutlater.svg",
              "triggerKey": ","
            },
            {
              "PieNumber":"8",
              "function": "runMarkingMenu",
              "params": ["cut_copy_paste"],
              "label": "test marking menu",
              "returnMousePos": 0,
              "icon": "figurethisoutlater.svg",
              "triggerKey": "2"
            },
            {
              "PieNumber":"9",
              "function": "sendKey",
              "params": ["Sample text"],
              "label": "6 Sample text",
              "returnMousePos": 0,
              "icon": "figurethisoutlater.svg",
              "triggerKey": "None"
            },
            {
              "PieNumber":"10",
              "function": "sendKey",
              "params": ["f"],
              "label": "6 Send F",
              "returnMousePos": 0,
              "icon": "figurethisoutlater.svg",
              "triggerKey": "None"
            },
            {
              "PieNumber":"11",
              "function": "sendKey",
              "params": ["f"],
              "label": "6 Send F",
              "returnMousePos": 0,
              "icon": "figurethisoutlater.svg",
              "triggerKey": "None"
            },
            {
              "PieNumber":"12",
              "function": "sendKey",
              "params": ["f"],
              "label": "6 Send F",
              "returnMousePos": 0,
              "icon": "figurethisoutlater.svg",
              "triggerKey": "None"
            },
            {
              "PieNumber":"13",
              "function": "sendKey",
              "params": ["f"],
              "label": "6 Send F",
              "returnMousePos": 0,
              "icon": "figurethisoutlater.svg",
              "triggerKey": "None"
            },
            {
              "PieNumber":"14",
              "function": "sendKey",
              "params": ["f"],
              "label": "6 Send F",
              "returnMousePos": 0,
              "icon": "figurethisoutlater.svg",
              "triggerKey": "None"
            },
            {
              "PieNumber":"15",
              "function": "sendKey",
              "params": ["f"],
              "label": "6 Send F",
              "returnMousePos": 0,
              "icon": "figurethisoutlater.svg",
              "triggerKey": "None"
            },
            {
              "PieNumber":"16",
              "function": "sendKey",
              "params": ["f"],
              "label": "6 Send F",
              "returnMousePos": 0,
              "icon": "figurethisoutlater.svg",
              "triggerKey": "None"
            },
            {
              "PieNumber":"17",
              "function": "sendKey",
              "params": ["f"],
              "label": "6 Send F",
              "returnMousePos": 0,
              "icon": "figurethisoutlater.svg",
              "triggerKey": "None"
            }
          ]
        }
      ]
    },
    {
      "name": "Chrome",
      "ahkHandle": "Notepad",
      "enable": 1,
      "pieMenus": [
        {
          "enable": true,
          "hotkey": "r",
          "inRadius": 15,
          "outRadius": 100,
          "thickness": 10,
          "hold": 0,
          "holdOpenOverride": 0,
          "labelDelay": 5,
          "restoreOriginalPosition": "useGlobal",
          "numSlices": 6,
          "bgColor": [35, 35, 35, 255],
          "selColor": [255, 255, 255, 255],
          "offset": 0,
          "triggerKeysActive": true,
          "pies": [
            {
              "PieNumber": 1,
              "function": "sendKeysAHK",
              "params": ["him.hackit@gmail.com"],
              "label": "Send A",
              "returnMousePos": 0,
              "icon": "figurethisoutlater.svg",
              "triggerKey": "1"
            },
            {
              "PieNumber": "2",
              "function": "sendKeys",
              "params": ["boops"],
              "label": "Boops",
              "returnMousePos": 0,
              "icon": "figurethisoutlater.svg",
              "triggerKey": "2"
            },
            {
              "PieNumber": "3",
              "function": "sendHotkey",
              "params": ["ctrl+s"],
              "label": "Save",
              "returnMousePos": 0,
              "icon": "figurethisoutlater.svg",
              "triggerKey": "r"
            },
            {
              "PieNumber": "4",
              "function": "sendKeys",
              "params": ["d"],
              "label": "Send D",
              "returnMousePos": 0,
              "icon": "figurethisoutlater.svg",
              "triggerKey": "None"
            },
            {
              "PieNumber": "5",
              "function": "sendKeys",
              "params": ["e"],
              "label": "Send E",
              "returnMousePos": 0,
              "icon": "figurethisoutlater.svg",
              "triggerKey": "None"
            },
            {
              "PieNumber": "6",
              "function": "sendKeys",
              "params": ["f"],
              "label": "Send F",
              "returnMousePos": 0,
              "icon": "figurethisoutlater.svg",
              "triggerKey": "None"
            },
            {
              "PieNumber": "7",
              "function": "sendKeys",
              "params": ["f"],
              "label": "Send F",
              "returnMousePos": 0,
              "icon": "figurethisoutlater.svg",
              "triggerKey": "None"
            },
            {
              "PieNumber": "8",
              "function": "sendKeys",
              "params": ["f"],
              "label": "Send F",
              "returnMousePos": 0,
              "icon": "figurethisoutlater.svg",
              "triggerKey": "None"
            }
          ]
        }
      ]
    }
  ]
}